{
	"configurations" : 
	[
		{
			"directories" : 
			[
				{
					"build" : ".",
					"minimumCMakeVersion" : 
					{
						"string" : "3.15"
					},
					"projectIndex" : 0,
					"source" : ".",
					"targetIndexes" : 
					[
						0,
						1,
						2
					]
				}
			],
			"name" : "DEBUG",
			"projects" : 
			[
				{
					"directoryIndexes" : 
					[
						0
					],
					"name" : "3Chan_ADC_DMA",
					"targetIndexes" : 
					[
						0,
						1,
						2
					]
				}
			],
			"targets" : 
			[
				{
					"directoryIndex" : 0,
					"id" : "3Chan_ADC_DMA::@6890427a1f51a3e7e1df",
					"jsonFile" : "target-3Chan_ADC_DMA-DEBUG-ac859f7b4011ebd73e3d.json",
					"name" : "3Chan_ADC_DMA",
					"projectIndex" : 0
				},
				{
					"directoryIndex" : 0,
					"id" : "3Chan_ADC_DMA-bin::@6890427a1f51a3e7e1df",
					"jsonFile" : "target-3Chan_ADC_DMA-bin-DEBUG-c773fe31b9740be34b3d.json",
					"name" : "3Chan_ADC_DMA-bin",
					"projectIndex" : 0
				},
				{
					"directoryIndex" : 0,
					"id" : "BSP::@6890427a1f51a3e7e1df",
					"jsonFile" : "target-BSP-DEBUG-294c5ca79f66200bc0a4.json",
					"name" : "BSP",
					"projectIndex" : 0
				}
			]
		}
	],
	"kind" : "codemodel",
	"paths" : 
	{
		"build" : "C:/Users/Prototype_Robert/source/repos/ProtypeJP/3Chan_ADC_DMA/build/VisualGDB/Debug",
		"source" : "C:/Users/Prototype_Robert/source/repos/ProtypeJP/3Chan_ADC_DMA"
	},
	"version" : 
	{
		"major" : 2,
		"minor" : 2
	}
}
