{
	"cmake" : 
	{
		"generator" : 
		{
			"multiConfig" : false,
			"name" : "Ninja"
		},
		"paths" : 
		{
			"cmake" : "C:/Users/Prototype_Robert/AppData/Local/VisualGDB/CMake/bin/cmake.exe",
			"cpack" : "C:/Users/Prototype_Robert/AppData/Local/VisualGDB/CMake/bin/cpack.exe",
			"ctest" : "C:/Users/Prototype_Robert/AppData/Local/VisualGDB/CMake/bin/ctest.exe",
			"root" : "C:/Users/Prototype_Robert/AppData/Local/VisualGDB/CMake/share/cmake-3.20"
		},
		"version" : 
		{
			"isDirty" : true,
			"major" : 3,
			"minor" : 20,
			"patch" : 3,
			"string" : "3.20.3-dirty",
			"suffix" : ""
		}
	},
	"objects" : 
	[
		{
			"jsonFile" : "codemodel-v2-7f8246dd4dd1ecb62d0e.json",
			"kind" : "codemodel",
			"version" : 
			{
				"major" : 2,
				"minor" : 2
			}
		},
		{
			"jsonFile" : "cache-v2-346afa2c81d80c283025.json",
			"kind" : "cache",
			"version" : 
			{
				"major" : 2,
				"minor" : 0
			}
		},
		{
			"jsonFile" : "cmakeFiles-v1-8249a806c96ab30d1713.json",
			"kind" : "cmakeFiles",
			"version" : 
			{
				"major" : 1,
				"minor" : 0
			}
		}
	],
	"reply" : 
	{
		"cache-v2" : 
		{
			"jsonFile" : "cache-v2-346afa2c81d80c283025.json",
			"kind" : "cache",
			"version" : 
			{
				"major" : 2,
				"minor" : 0
			}
		},
		"cmakeFiles-v1" : 
		{
			"jsonFile" : "cmakeFiles-v1-8249a806c96ab30d1713.json",
			"kind" : "cmakeFiles",
			"version" : 
			{
				"major" : 1,
				"minor" : 0
			}
		},
		"codemodel-v2" : 
		{
			"jsonFile" : "codemodel-v2-7f8246dd4dd1ecb62d0e.json",
			"kind" : "codemodel",
			"version" : 
			{
				"major" : 2,
				"minor" : 2
			}
		}
	}
}
