{
	"artifacts" : 
	[
		{
			"path" : "CMakeFiles/BSP.dir/./Core/Src/main.c.obj"
		},
		{
			"path" : "CMakeFiles/BSP.dir/./Core/Src/stm32f7xx_hal_msp.c.obj"
		},
		{
			"path" : "CMakeFiles/BSP.dir/./Core/Src/stm32f7xx_it.c.obj"
		},
		{
			"path" : "CMakeFiles/BSP.dir/./Core/Src/syscalls.c.obj"
		},
		{
			"path" : "CMakeFiles/BSP.dir/./Core/Src/sysmem.c.obj"
		},
		{
			"path" : "CMakeFiles/BSP.dir/./Core/Src/system_stm32f7xx.c.obj"
		},
		{
			"path" : "CMakeFiles/BSP.dir/./Core/Startup/startup_stm32f767zitx.s.obj"
		},
		{
			"path" : "CMakeFiles/BSP.dir/./Drivers/STM32F7xx_HAL_Driver/Src/stm32f7xx_hal.c.obj"
		},
		{
			"path" : "CMakeFiles/BSP.dir/./Drivers/STM32F7xx_HAL_Driver/Src/stm32f7xx_hal_adc.c.obj"
		},
		{
			"path" : "CMakeFiles/BSP.dir/./Drivers/STM32F7xx_HAL_Driver/Src/stm32f7xx_hal_adc_ex.c.obj"
		},
		{
			"path" : "CMakeFiles/BSP.dir/./Drivers/STM32F7xx_HAL_Driver/Src/stm32f7xx_hal_cortex.c.obj"
		},
		{
			"path" : "CMakeFiles/BSP.dir/./Drivers/STM32F7xx_HAL_Driver/Src/stm32f7xx_hal_dma.c.obj"
		},
		{
			"path" : "CMakeFiles/BSP.dir/./Drivers/STM32F7xx_HAL_Driver/Src/stm32f7xx_hal_dma_ex.c.obj"
		},
		{
			"path" : "CMakeFiles/BSP.dir/./Drivers/STM32F7xx_HAL_Driver/Src/stm32f7xx_hal_exti.c.obj"
		},
		{
			"path" : "CMakeFiles/BSP.dir/./Drivers/STM32F7xx_HAL_Driver/Src/stm32f7xx_hal_flash.c.obj"
		},
		{
			"path" : "CMakeFiles/BSP.dir/./Drivers/STM32F7xx_HAL_Driver/Src/stm32f7xx_hal_flash_ex.c.obj"
		},
		{
			"path" : "CMakeFiles/BSP.dir/./Drivers/STM32F7xx_HAL_Driver/Src/stm32f7xx_hal_gpio.c.obj"
		},
		{
			"path" : "CMakeFiles/BSP.dir/./Drivers/STM32F7xx_HAL_Driver/Src/stm32f7xx_hal_i2c.c.obj"
		},
		{
			"path" : "CMakeFiles/BSP.dir/./Drivers/STM32F7xx_HAL_Driver/Src/stm32f7xx_hal_i2c_ex.c.obj"
		},
		{
			"path" : "CMakeFiles/BSP.dir/./Drivers/STM32F7xx_HAL_Driver/Src/stm32f7xx_hal_pwr.c.obj"
		},
		{
			"path" : "CMakeFiles/BSP.dir/./Drivers/STM32F7xx_HAL_Driver/Src/stm32f7xx_hal_pwr_ex.c.obj"
		},
		{
			"path" : "CMakeFiles/BSP.dir/./Drivers/STM32F7xx_HAL_Driver/Src/stm32f7xx_hal_rcc.c.obj"
		},
		{
			"path" : "CMakeFiles/BSP.dir/./Drivers/STM32F7xx_HAL_Driver/Src/stm32f7xx_hal_rcc_ex.c.obj"
		},
		{
			"path" : "CMakeFiles/BSP.dir/./Drivers/STM32F7xx_HAL_Driver/Src/stm32f7xx_hal_tim.c.obj"
		},
		{
			"path" : "CMakeFiles/BSP.dir/./Drivers/STM32F7xx_HAL_Driver/Src/stm32f7xx_hal_tim_ex.c.obj"
		}
	],
	"backtrace" : 3,
	"backtraceGraph" : 
	{
		"commands" : 
		[
			"add_library",
			"create_bsp_library",
			"find_bsp",
			"target_compile_options",
			"set_bsp_core_properties_from_vars",
			"target_compile_definitions",
			"target_include_directories"
		],
		"files" : 
		[
			"C:/Program Files (x86)/Sysprogs/VisualGDB/CMake/embedded/bsp.cmake",
			"CMakeLists.txt"
		],
		"nodes" : 
		[
			{
				"file" : 1
			},
			{
				"command" : 2,
				"file" : 1,
				"line" : 5,
				"parent" : 0
			},
			{
				"command" : 1,
				"file" : 0,
				"line" : 337,
				"parent" : 1
			},
			{
				"command" : 0,
				"file" : 0,
				"line" : 43,
				"parent" : 2
			},
			{
				"command" : 4,
				"file" : 0,
				"line" : 392,
				"parent" : 1
			},
			{
				"command" : 3,
				"file" : 0,
				"line" : 67,
				"parent" : 4
			},
			{
				"command" : 5,
				"file" : 0,
				"line" : 66,
				"parent" : 4
			},
			{
				"command" : 6,
				"file" : 0,
				"line" : 65,
				"parent" : 4
			}
		]
	},
	"compileGroups" : 
	[
		{
			"compileCommandFragments" : 
			[
				{
					"fragment" : "-g3 -O0"
				},
				{
					"backtrace" : 5,
					"fragment" : "-ffunction-sections"
				},
				{
					"backtrace" : 5,
					"fragment" : "-fdata-sections"
				},
				{
					"backtrace" : 5,
					"fragment" : "-mcpu=cortex-m7"
				},
				{
					"backtrace" : 5,
					"fragment" : "-mfpu=fpv5-d16"
				},
				{
					"backtrace" : 5,
					"fragment" : "-mhard-float"
				}
			],
			"defines" : 
			[
				{
					"backtrace" : 6,
					"define" : "STM32F767xx"
				},
				{
					"backtrace" : 6,
					"define" : "USE_HAL_DRIVER"
				}
			],
			"includes" : 
			[
				{
					"backtrace" : 7,
					"path" : "C:/Users/Prototype_Robert/source/repos/ProtypeJP/3Chan_ADC_DMA/Core/Inc"
				},
				{
					"backtrace" : 7,
					"path" : "C:/Users/Prototype_Robert/source/repos/ProtypeJP/3Chan_ADC_DMA/Drivers/STM32F7xx_HAL_Driver/Inc"
				},
				{
					"backtrace" : 7,
					"path" : "C:/Users/Prototype_Robert/source/repos/ProtypeJP/3Chan_ADC_DMA/Drivers/STM32F7xx_HAL_Driver/Inc/Legacy"
				},
				{
					"backtrace" : 7,
					"path" : "C:/Users/Prototype_Robert/source/repos/ProtypeJP/3Chan_ADC_DMA/Drivers/CMSIS/Device/ST/STM32F7xx/Include"
				},
				{
					"backtrace" : 7,
					"path" : "C:/Users/Prototype_Robert/source/repos/ProtypeJP/3Chan_ADC_DMA/Drivers/CMSIS/Include"
				}
			],
			"language" : "C",
			"sourceIndexes" : 
			[
				59,
				60,
				61,
				62,
				63,
				64,
				66,
				67,
				68,
				69,
				70,
				71,
				72,
				73,
				74,
				75,
				76,
				77,
				78,
				79,
				80,
				81,
				82,
				83
			]
		},
		{
			"compileCommandFragments" : 
			[
				{
					"fragment" : "-g"
				},
				{
					"backtrace" : 5,
					"fragment" : "-ffunction-sections"
				},
				{
					"backtrace" : 5,
					"fragment" : "-fdata-sections"
				},
				{
					"backtrace" : 5,
					"fragment" : "-mcpu=cortex-m7"
				},
				{
					"backtrace" : 5,
					"fragment" : "-mfpu=fpv5-d16"
				},
				{
					"backtrace" : 5,
					"fragment" : "-mhard-float"
				}
			],
			"defines" : 
			[
				{
					"backtrace" : 6,
					"define" : "STM32F767xx"
				},
				{
					"backtrace" : 6,
					"define" : "USE_HAL_DRIVER"
				}
			],
			"includes" : 
			[
				{
					"backtrace" : 7,
					"path" : "C:/Users/Prototype_Robert/source/repos/ProtypeJP/3Chan_ADC_DMA/Core/Inc"
				},
				{
					"backtrace" : 7,
					"path" : "C:/Users/Prototype_Robert/source/repos/ProtypeJP/3Chan_ADC_DMA/Drivers/STM32F7xx_HAL_Driver/Inc"
				},
				{
					"backtrace" : 7,
					"path" : "C:/Users/Prototype_Robert/source/repos/ProtypeJP/3Chan_ADC_DMA/Drivers/STM32F7xx_HAL_Driver/Inc/Legacy"
				},
				{
					"backtrace" : 7,
					"path" : "C:/Users/Prototype_Robert/source/repos/ProtypeJP/3Chan_ADC_DMA/Drivers/CMSIS/Device/ST/STM32F7xx/Include"
				},
				{
					"backtrace" : 7,
					"path" : "C:/Users/Prototype_Robert/source/repos/ProtypeJP/3Chan_ADC_DMA/Drivers/CMSIS/Include"
				}
			],
			"language" : "ASM",
			"sourceIndexes" : 
			[
				65
			]
		}
	],
	"id" : "BSP::@6890427a1f51a3e7e1df",
	"name" : "BSP",
	"paths" : 
	{
		"build" : ".",
		"source" : "."
	},
	"sourceGroups" : 
	[
		{
			"name" : "Header Files",
			"sourceIndexes" : 
			[
				0,
				1,
				2,
				3,
				4,
				5,
				6,
				7,
				8,
				9,
				10,
				11,
				12,
				13,
				14,
				15,
				16,
				17,
				18,
				19,
				20,
				21,
				22,
				23,
				24,
				25,
				26,
				27,
				28,
				29,
				30,
				31,
				32,
				33,
				34,
				35,
				36,
				37,
				38,
				39,
				40,
				41,
				42,
				43,
				44,
				45,
				46,
				47,
				48,
				49,
				50,
				51,
				52,
				53,
				54,
				55,
				56,
				57,
				58
			]
		},
		{
			"name" : "Source Files",
			"sourceIndexes" : 
			[
				59,
				60,
				61,
				62,
				63,
				64,
				66,
				67,
				68,
				69,
				70,
				71,
				72,
				73,
				74,
				75,
				76,
				77,
				78,
				79,
				80,
				81,
				82,
				83
			]
		},
		{
			"name" : "",
			"sourceIndexes" : 
			[
				65
			]
		}
	],
	"sources" : 
	[
		{
			"backtrace" : 3,
			"path" : "Core/Inc/main.h",
			"sourceGroupIndex" : 0
		},
		{
			"backtrace" : 3,
			"path" : "Core/Inc/stm32f7xx_hal_conf.h",
			"sourceGroupIndex" : 0
		},
		{
			"backtrace" : 3,
			"path" : "Core/Inc/stm32f7xx_it.h",
			"sourceGroupIndex" : 0
		},
		{
			"backtrace" : 3,
			"path" : "Drivers/CMSIS/Device/ST/STM32F7xx/Include/stm32f767xx.h",
			"sourceGroupIndex" : 0
		},
		{
			"backtrace" : 3,
			"path" : "Drivers/CMSIS/Device/ST/STM32F7xx/Include/stm32f7xx.h",
			"sourceGroupIndex" : 0
		},
		{
			"backtrace" : 3,
			"path" : "Drivers/CMSIS/Device/ST/STM32F7xx/Include/system_stm32f7xx.h",
			"sourceGroupIndex" : 0
		},
		{
			"backtrace" : 3,
			"path" : "Drivers/CMSIS/Include/cmsis_armcc.h",
			"sourceGroupIndex" : 0
		},
		{
			"backtrace" : 3,
			"path" : "Drivers/CMSIS/Include/cmsis_armclang.h",
			"sourceGroupIndex" : 0
		},
		{
			"backtrace" : 3,
			"path" : "Drivers/CMSIS/Include/cmsis_compiler.h",
			"sourceGroupIndex" : 0
		},
		{
			"backtrace" : 3,
			"path" : "Drivers/CMSIS/Include/cmsis_gcc.h",
			"sourceGroupIndex" : 0
		},
		{
			"backtrace" : 3,
			"path" : "Drivers/CMSIS/Include/cmsis_iccarm.h",
			"sourceGroupIndex" : 0
		},
		{
			"backtrace" : 3,
			"path" : "Drivers/CMSIS/Include/cmsis_version.h",
			"sourceGroupIndex" : 0
		},
		{
			"backtrace" : 3,
			"path" : "Drivers/CMSIS/Include/core_armv8mbl.h",
			"sourceGroupIndex" : 0
		},
		{
			"backtrace" : 3,
			"path" : "Drivers/CMSIS/Include/core_armv8mml.h",
			"sourceGroupIndex" : 0
		},
		{
			"backtrace" : 3,
			"path" : "Drivers/CMSIS/Include/core_cm0.h",
			"sourceGroupIndex" : 0
		},
		{
			"backtrace" : 3,
			"path" : "Drivers/CMSIS/Include/core_cm0plus.h",
			"sourceGroupIndex" : 0
		},
		{
			"backtrace" : 3,
			"path" : "Drivers/CMSIS/Include/core_cm1.h",
			"sourceGroupIndex" : 0
		},
		{
			"backtrace" : 3,
			"path" : "Drivers/CMSIS/Include/core_cm23.h",
			"sourceGroupIndex" : 0
		},
		{
			"backtrace" : 3,
			"path" : "Drivers/CMSIS/Include/core_cm3.h",
			"sourceGroupIndex" : 0
		},
		{
			"backtrace" : 3,
			"path" : "Drivers/CMSIS/Include/core_cm33.h",
			"sourceGroupIndex" : 0
		},
		{
			"backtrace" : 3,
			"path" : "Drivers/CMSIS/Include/core_cm4.h",
			"sourceGroupIndex" : 0
		},
		{
			"backtrace" : 3,
			"path" : "Drivers/CMSIS/Include/core_cm7.h",
			"sourceGroupIndex" : 0
		},
		{
			"backtrace" : 3,
			"path" : "Drivers/CMSIS/Include/core_sc000.h",
			"sourceGroupIndex" : 0
		},
		{
			"backtrace" : 3,
			"path" : "Drivers/CMSIS/Include/core_sc300.h",
			"sourceGroupIndex" : 0
		},
		{
			"backtrace" : 3,
			"path" : "Drivers/CMSIS/Include/mpu_armv7.h",
			"sourceGroupIndex" : 0
		},
		{
			"backtrace" : 3,
			"path" : "Drivers/CMSIS/Include/mpu_armv8.h",
			"sourceGroupIndex" : 0
		},
		{
			"backtrace" : 3,
			"path" : "Drivers/CMSIS/Include/tz_context.h",
			"sourceGroupIndex" : 0
		},
		{
			"backtrace" : 3,
			"path" : "Drivers/STM32F7xx_HAL_Driver/Inc/stm32f7xx_hal.h",
			"sourceGroupIndex" : 0
		},
		{
			"backtrace" : 3,
			"path" : "Drivers/STM32F7xx_HAL_Driver/Inc/stm32f7xx_hal_adc.h",
			"sourceGroupIndex" : 0
		},
		{
			"backtrace" : 3,
			"path" : "Drivers/STM32F7xx_HAL_Driver/Inc/stm32f7xx_hal_adc_ex.h",
			"sourceGroupIndex" : 0
		},
		{
			"backtrace" : 3,
			"path" : "Drivers/STM32F7xx_HAL_Driver/Inc/stm32f7xx_hal_cortex.h",
			"sourceGroupIndex" : 0
		},
		{
			"backtrace" : 3,
			"path" : "Drivers/STM32F7xx_HAL_Driver/Inc/stm32f7xx_hal_def.h",
			"sourceGroupIndex" : 0
		},
		{
			"backtrace" : 3,
			"path" : "Drivers/STM32F7xx_HAL_Driver/Inc/stm32f7xx_hal_dma.h",
			"sourceGroupIndex" : 0
		},
		{
			"backtrace" : 3,
			"path" : "Drivers/STM32F7xx_HAL_Driver/Inc/stm32f7xx_hal_dma_ex.h",
			"sourceGroupIndex" : 0
		},
		{
			"backtrace" : 3,
			"path" : "Drivers/STM32F7xx_HAL_Driver/Inc/stm32f7xx_hal_exti.h",
			"sourceGroupIndex" : 0
		},
		{
			"backtrace" : 3,
			"path" : "Drivers/STM32F7xx_HAL_Driver/Inc/stm32f7xx_hal_flash.h",
			"sourceGroupIndex" : 0
		},
		{
			"backtrace" : 3,
			"path" : "Drivers/STM32F7xx_HAL_Driver/Inc/stm32f7xx_hal_flash_ex.h",
			"sourceGroupIndex" : 0
		},
		{
			"backtrace" : 3,
			"path" : "Drivers/STM32F7xx_HAL_Driver/Inc/stm32f7xx_hal_gpio.h",
			"sourceGroupIndex" : 0
		},
		{
			"backtrace" : 3,
			"path" : "Drivers/STM32F7xx_HAL_Driver/Inc/stm32f7xx_hal_gpio_ex.h",
			"sourceGroupIndex" : 0
		},
		{
			"backtrace" : 3,
			"path" : "Drivers/STM32F7xx_HAL_Driver/Inc/stm32f7xx_hal_i2c.h",
			"sourceGroupIndex" : 0
		},
		{
			"backtrace" : 3,
			"path" : "Drivers/STM32F7xx_HAL_Driver/Inc/stm32f7xx_hal_i2c_ex.h",
			"sourceGroupIndex" : 0
		},
		{
			"backtrace" : 3,
			"path" : "Drivers/STM32F7xx_HAL_Driver/Inc/stm32f7xx_hal_pwr.h",
			"sourceGroupIndex" : 0
		},
		{
			"backtrace" : 3,
			"path" : "Drivers/STM32F7xx_HAL_Driver/Inc/stm32f7xx_hal_pwr_ex.h",
			"sourceGroupIndex" : 0
		},
		{
			"backtrace" : 3,
			"path" : "Drivers/STM32F7xx_HAL_Driver/Inc/stm32f7xx_hal_rcc.h",
			"sourceGroupIndex" : 0
		},
		{
			"backtrace" : 3,
			"path" : "Drivers/STM32F7xx_HAL_Driver/Inc/stm32f7xx_hal_rcc_ex.h",
			"sourceGroupIndex" : 0
		},
		{
			"backtrace" : 3,
			"path" : "Drivers/STM32F7xx_HAL_Driver/Inc/stm32f7xx_hal_tim.h",
			"sourceGroupIndex" : 0
		},
		{
			"backtrace" : 3,
			"path" : "Drivers/STM32F7xx_HAL_Driver/Inc/stm32f7xx_hal_tim_ex.h",
			"sourceGroupIndex" : 0
		},
		{
			"backtrace" : 3,
			"path" : "Drivers/STM32F7xx_HAL_Driver/Inc/stm32f7xx_ll_adc.h",
			"sourceGroupIndex" : 0
		},
		{
			"backtrace" : 3,
			"path" : "Drivers/STM32F7xx_HAL_Driver/Inc/stm32f7xx_ll_bus.h",
			"sourceGroupIndex" : 0
		},
		{
			"backtrace" : 3,
			"path" : "Drivers/STM32F7xx_HAL_Driver/Inc/stm32f7xx_ll_cortex.h",
			"sourceGroupIndex" : 0
		},
		{
			"backtrace" : 3,
			"path" : "Drivers/STM32F7xx_HAL_Driver/Inc/stm32f7xx_ll_dma.h",
			"sourceGroupIndex" : 0
		},
		{
			"backtrace" : 3,
			"path" : "Drivers/STM32F7xx_HAL_Driver/Inc/stm32f7xx_ll_exti.h",
			"sourceGroupIndex" : 0
		},
		{
			"backtrace" : 3,
			"path" : "Drivers/STM32F7xx_HAL_Driver/Inc/stm32f7xx_ll_gpio.h",
			"sourceGroupIndex" : 0
		},
		{
			"backtrace" : 3,
			"path" : "Drivers/STM32F7xx_HAL_Driver/Inc/stm32f7xx_ll_pwr.h",
			"sourceGroupIndex" : 0
		},
		{
			"backtrace" : 3,
			"path" : "Drivers/STM32F7xx_HAL_Driver/Inc/stm32f7xx_ll_rcc.h",
			"sourceGroupIndex" : 0
		},
		{
			"backtrace" : 3,
			"path" : "Drivers/STM32F7xx_HAL_Driver/Inc/stm32f7xx_ll_system.h",
			"sourceGroupIndex" : 0
		},
		{
			"backtrace" : 3,
			"path" : "Drivers/STM32F7xx_HAL_Driver/Inc/stm32f7xx_ll_tim.h",
			"sourceGroupIndex" : 0
		},
		{
			"backtrace" : 3,
			"path" : "Drivers/STM32F7xx_HAL_Driver/Inc/stm32f7xx_ll_utils.h",
			"sourceGroupIndex" : 0
		},
		{
			"backtrace" : 3,
			"path" : "Drivers/STM32F7xx_HAL_Driver/Inc/Legacy/stm32_hal_legacy.h",
			"sourceGroupIndex" : 0
		},
		{
			"backtrace" : 3,
			"compileGroupIndex" : 0,
			"path" : "Core/Src/main.c",
			"sourceGroupIndex" : 1
		},
		{
			"backtrace" : 3,
			"compileGroupIndex" : 0,
			"path" : "Core/Src/stm32f7xx_hal_msp.c",
			"sourceGroupIndex" : 1
		},
		{
			"backtrace" : 3,
			"compileGroupIndex" : 0,
			"path" : "Core/Src/stm32f7xx_it.c",
			"sourceGroupIndex" : 1
		},
		{
			"backtrace" : 3,
			"compileGroupIndex" : 0,
			"path" : "Core/Src/syscalls.c",
			"sourceGroupIndex" : 1
		},
		{
			"backtrace" : 3,
			"compileGroupIndex" : 0,
			"path" : "Core/Src/sysmem.c",
			"sourceGroupIndex" : 1
		},
		{
			"backtrace" : 3,
			"compileGroupIndex" : 0,
			"path" : "Core/Src/system_stm32f7xx.c",
			"sourceGroupIndex" : 1
		},
		{
			"backtrace" : 3,
			"compileGroupIndex" : 1,
			"path" : "Core/Startup/startup_stm32f767zitx.s",
			"sourceGroupIndex" : 2
		},
		{
			"backtrace" : 3,
			"compileGroupIndex" : 0,
			"path" : "Drivers/STM32F7xx_HAL_Driver/Src/stm32f7xx_hal.c",
			"sourceGroupIndex" : 1
		},
		{
			"backtrace" : 3,
			"compileGroupIndex" : 0,
			"path" : "Drivers/STM32F7xx_HAL_Driver/Src/stm32f7xx_hal_adc.c",
			"sourceGroupIndex" : 1
		},
		{
			"backtrace" : 3,
			"compileGroupIndex" : 0,
			"path" : "Drivers/STM32F7xx_HAL_Driver/Src/stm32f7xx_hal_adc_ex.c",
			"sourceGroupIndex" : 1
		},
		{
			"backtrace" : 3,
			"compileGroupIndex" : 0,
			"path" : "Drivers/STM32F7xx_HAL_Driver/Src/stm32f7xx_hal_cortex.c",
			"sourceGroupIndex" : 1
		},
		{
			"backtrace" : 3,
			"compileGroupIndex" : 0,
			"path" : "Drivers/STM32F7xx_HAL_Driver/Src/stm32f7xx_hal_dma.c",
			"sourceGroupIndex" : 1
		},
		{
			"backtrace" : 3,
			"compileGroupIndex" : 0,
			"path" : "Drivers/STM32F7xx_HAL_Driver/Src/stm32f7xx_hal_dma_ex.c",
			"sourceGroupIndex" : 1
		},
		{
			"backtrace" : 3,
			"compileGroupIndex" : 0,
			"path" : "Drivers/STM32F7xx_HAL_Driver/Src/stm32f7xx_hal_exti.c",
			"sourceGroupIndex" : 1
		},
		{
			"backtrace" : 3,
			"compileGroupIndex" : 0,
			"path" : "Drivers/STM32F7xx_HAL_Driver/Src/stm32f7xx_hal_flash.c",
			"sourceGroupIndex" : 1
		},
		{
			"backtrace" : 3,
			"compileGroupIndex" : 0,
			"path" : "Drivers/STM32F7xx_HAL_Driver/Src/stm32f7xx_hal_flash_ex.c",
			"sourceGroupIndex" : 1
		},
		{
			"backtrace" : 3,
			"compileGroupIndex" : 0,
			"path" : "Drivers/STM32F7xx_HAL_Driver/Src/stm32f7xx_hal_gpio.c",
			"sourceGroupIndex" : 1
		},
		{
			"backtrace" : 3,
			"compileGroupIndex" : 0,
			"path" : "Drivers/STM32F7xx_HAL_Driver/Src/stm32f7xx_hal_i2c.c",
			"sourceGroupIndex" : 1
		},
		{
			"backtrace" : 3,
			"compileGroupIndex" : 0,
			"path" : "Drivers/STM32F7xx_HAL_Driver/Src/stm32f7xx_hal_i2c_ex.c",
			"sourceGroupIndex" : 1
		},
		{
			"backtrace" : 3,
			"compileGroupIndex" : 0,
			"path" : "Drivers/STM32F7xx_HAL_Driver/Src/stm32f7xx_hal_pwr.c",
			"sourceGroupIndex" : 1
		},
		{
			"backtrace" : 3,
			"compileGroupIndex" : 0,
			"path" : "Drivers/STM32F7xx_HAL_Driver/Src/stm32f7xx_hal_pwr_ex.c",
			"sourceGroupIndex" : 1
		},
		{
			"backtrace" : 3,
			"compileGroupIndex" : 0,
			"path" : "Drivers/STM32F7xx_HAL_Driver/Src/stm32f7xx_hal_rcc.c",
			"sourceGroupIndex" : 1
		},
		{
			"backtrace" : 3,
			"compileGroupIndex" : 0,
			"path" : "Drivers/STM32F7xx_HAL_Driver/Src/stm32f7xx_hal_rcc_ex.c",
			"sourceGroupIndex" : 1
		},
		{
			"backtrace" : 3,
			"compileGroupIndex" : 0,
			"path" : "Drivers/STM32F7xx_HAL_Driver/Src/stm32f7xx_hal_tim.c",
			"sourceGroupIndex" : 1
		},
		{
			"backtrace" : 3,
			"compileGroupIndex" : 0,
			"path" : "Drivers/STM32F7xx_HAL_Driver/Src/stm32f7xx_hal_tim_ex.c",
			"sourceGroupIndex" : 1
		}
	],
	"type" : "OBJECT_LIBRARY"
}
