{
	"inputs" : 
	[
		{
			"path" : "CMakeLists.txt"
		},
		{
			"isCMake" : true,
			"isExternal" : true,
			"path" : "C:/Users/Prototype_Robert/AppData/Local/VisualGDB/CMake/share/cmake-3.20/Modules/CMakeDetermineSystem.cmake"
		},
		{
			"isGenerated" : true,
			"path" : "build/VisualGDB/Debug/toolchain.cmake"
		},
		{
			"isExternal" : true,
			"path" : "C:/Program Files (x86)/Sysprogs/VisualGDB/CMake/embedded/root.cmake"
		},
		{
			"isExternal" : true,
			"path" : "C:/Program Files (x86)/Sysprogs/VisualGDB/CMake/embedded/bsp.cmake"
		},
		{
			"isExternal" : true,
			"path" : "C:/Program Files (x86)/Sysprogs/VisualGDB/CMake/embedded/coverage.cmake"
		},
		{
			"isExternal" : true,
			"path" : "C:/Program Files (x86)/Sysprogs/VisualGDB/CMake/embedded/prefixes.cmake"
		},
		{
			"isExternal" : true,
			"path" : "C:/Program Files (x86)/Sysprogs/VisualGDB/CMake/embedded/testfw.cmake"
		},
		{
			"isExternal" : true,
			"path" : "C:/Program Files (x86)/Sysprogs/VisualGDB/CMake/embedded/efp.cmake"
		},
		{
			"isExternal" : true,
			"path" : "C:/Program Files (x86)/Sysprogs/VisualGDB/CMake/embedded/resources.cmake"
		},
		{
			"isExternal" : true,
			"path" : "C:/Users/Prototype_Robert/AppData/Local/VisualGDB/FindFrameworks.cmake"
		},
		{
			"isCMake" : true,
			"isExternal" : true,
			"path" : "C:/Users/Prototype_Robert/AppData/Local/VisualGDB/CMake/share/cmake-3.20/Modules/CMakeSystem.cmake.in"
		},
		{
			"isGenerated" : true,
			"path" : "build/VisualGDB/Debug/CMakeFiles/3.20.3-dirty/CMakeSystem.cmake"
		},
		{
			"isGenerated" : true,
			"path" : "build/VisualGDB/Debug/toolchain.cmake"
		},
		{
			"isExternal" : true,
			"path" : "C:/Program Files (x86)/Sysprogs/VisualGDB/CMake/embedded/root.cmake"
		},
		{
			"isExternal" : true,
			"path" : "C:/Program Files (x86)/Sysprogs/VisualGDB/CMake/embedded/bsp.cmake"
		},
		{
			"isExternal" : true,
			"path" : "C:/Program Files (x86)/Sysprogs/VisualGDB/CMake/embedded/coverage.cmake"
		},
		{
			"isExternal" : true,
			"path" : "C:/Program Files (x86)/Sysprogs/VisualGDB/CMake/embedded/prefixes.cmake"
		},
		{
			"isExternal" : true,
			"path" : "C:/Program Files (x86)/Sysprogs/VisualGDB/CMake/embedded/testfw.cmake"
		},
		{
			"isExternal" : true,
			"path" : "C:/Program Files (x86)/Sysprogs/VisualGDB/CMake/embedded/efp.cmake"
		},
		{
			"isExternal" : true,
			"path" : "C:/Program Files (x86)/Sysprogs/VisualGDB/CMake/embedded/resources.cmake"
		},
		{
			"isExternal" : true,
			"path" : "C:/Users/Prototype_Robert/AppData/Local/VisualGDB/FindFrameworks.cmake"
		},
		{
			"isCMake" : true,
			"isExternal" : true,
			"path" : "C:/Users/Prototype_Robert/AppData/Local/VisualGDB/CMake/share/cmake-3.20/Modules/CMakeSystemSpecificInitialize.cmake"
		},
		{
			"isCMake" : true,
			"isExternal" : true,
			"path" : "C:/Users/Prototype_Robert/AppData/Local/VisualGDB/CMake/share/cmake-3.20/Modules/CMakeDetermineCCompiler.cmake"
		},
		{
			"isCMake" : true,
			"isExternal" : true,
			"path" : "C:/Users/Prototype_Robert/AppData/Local/VisualGDB/CMake/share/cmake-3.20/Modules/CMakeDetermineCompiler.cmake"
		},
		{
			"isCMake" : true,
			"isExternal" : true,
			"path" : "C:/Users/Prototype_Robert/AppData/Local/VisualGDB/CMake/share/cmake-3.20/Modules/CMakeDetermineCompilerId.cmake"
		},
		{
			"isCMake" : true,
			"isExternal" : true,
			"path" : "C:/Users/Prototype_Robert/AppData/Local/VisualGDB/CMake/share/cmake-3.20/Modules/CMakeCompilerIdDetection.cmake"
		},
		{
			"isCMake" : true,
			"isExternal" : true,
			"path" : "C:/Users/Prototype_Robert/AppData/Local/VisualGDB/CMake/share/cmake-3.20/Modules/Compiler/ADSP-DetermineCompiler.cmake"
		},
		{
			"isCMake" : true,
			"isExternal" : true,
			"path" : "C:/Users/Prototype_Robert/AppData/Local/VisualGDB/CMake/share/cmake-3.20/Modules/Compiler/ARMCC-DetermineCompiler.cmake"
		},
		{
			"isCMake" : true,
			"isExternal" : true,
			"path" : "C:/Users/Prototype_Robert/AppData/Local/VisualGDB/CMake/share/cmake-3.20/Modules/Compiler/ARMClang-DetermineCompiler.cmake"
		},
		{
			"isCMake" : true,
			"isExternal" : true,
			"path" : "C:/Users/Prototype_Robert/AppData/Local/VisualGDB/CMake/share/cmake-3.20/Modules/Compiler/AppleClang-DetermineCompiler.cmake"
		},
		{
			"isCMake" : true,
			"isExternal" : true,
			"path" : "C:/Users/Prototype_Robert/AppData/Local/VisualGDB/CMake/share/cmake-3.20/Modules/Compiler/Clang-DetermineCompilerInternal.cmake"
		},
		{
			"isCMake" : true,
			"isExternal" : true,
			"path" : "C:/Users/Prototype_Robert/AppData/Local/VisualGDB/CMake/share/cmake-3.20/Modules/Compiler/Borland-DetermineCompiler.cmake"
		},
		{
			"isCMake" : true,
			"isExternal" : true,
			"path" : "C:/Users/Prototype_Robert/AppData/Local/VisualGDB/CMake/share/cmake-3.20/Modules/Compiler/Bruce-C-DetermineCompiler.cmake"
		},
		{
			"isCMake" : true,
			"isExternal" : true,
			"path" : "C:/Users/Prototype_Robert/AppData/Local/VisualGDB/CMake/share/cmake-3.20/Modules/Compiler/Clang-DetermineCompiler.cmake"
		},
		{
			"isCMake" : true,
			"isExternal" : true,
			"path" : "C:/Users/Prototype_Robert/AppData/Local/VisualGDB/CMake/share/cmake-3.20/Modules/Compiler/Clang-DetermineCompilerInternal.cmake"
		},
		{
			"isCMake" : true,
			"isExternal" : true,
			"path" : "C:/Users/Prototype_Robert/AppData/Local/VisualGDB/CMake/share/cmake-3.20/Modules/Compiler/Compaq-C-DetermineCompiler.cmake"
		},
		{
			"isCMake" : true,
			"isExternal" : true,
			"path" : "C:/Users/Prototype_Robert/AppData/Local/VisualGDB/CMake/share/cmake-3.20/Modules/Compiler/Cray-DetermineCompiler.cmake"
		},
		{
			"isCMake" : true,
			"isExternal" : true,
			"path" : "C:/Users/Prototype_Robert/AppData/Local/VisualGDB/CMake/share/cmake-3.20/Modules/Compiler/Embarcadero-DetermineCompiler.cmake"
		},
		{
			"isCMake" : true,
			"isExternal" : true,
			"path" : "C:/Users/Prototype_Robert/AppData/Local/VisualGDB/CMake/share/cmake-3.20/Modules/Compiler/Fujitsu-DetermineCompiler.cmake"
		},
		{
			"isCMake" : true,
			"isExternal" : true,
			"path" : "C:/Users/Prototype_Robert/AppData/Local/VisualGDB/CMake/share/cmake-3.20/Modules/Compiler/GHS-DetermineCompiler.cmake"
		},
		{
			"isCMake" : true,
			"isExternal" : true,
			"path" : "C:/Users/Prototype_Robert/AppData/Local/VisualGDB/CMake/share/cmake-3.20/Modules/Compiler/GNU-C-DetermineCompiler.cmake"
		},
		{
			"isCMake" : true,
			"isExternal" : true,
			"path" : "C:/Users/Prototype_Robert/AppData/Local/VisualGDB/CMake/share/cmake-3.20/Modules/Compiler/HP-C-DetermineCompiler.cmake"
		},
		{
			"isCMake" : true,
			"isExternal" : true,
			"path" : "C:/Users/Prototype_Robert/AppData/Local/VisualGDB/CMake/share/cmake-3.20/Modules/Compiler/IAR-DetermineCompiler.cmake"
		},
		{
			"isCMake" : true,
			"isExternal" : true,
			"path" : "C:/Users/Prototype_Robert/AppData/Local/VisualGDB/CMake/share/cmake-3.20/Modules/Compiler/Intel-DetermineCompiler.cmake"
		},
		{
			"isCMake" : true,
			"isExternal" : true,
			"path" : "C:/Users/Prototype_Robert/AppData/Local/VisualGDB/CMake/share/cmake-3.20/Modules/Compiler/IntelLLVM-DetermineCompiler.cmake"
		},
		{
			"isCMake" : true,
			"isExternal" : true,
			"path" : "C:/Users/Prototype_Robert/AppData/Local/VisualGDB/CMake/share/cmake-3.20/Modules/Compiler/MSVC-DetermineCompiler.cmake"
		},
		{
			"isCMake" : true,
			"isExternal" : true,
			"path" : "C:/Users/Prototype_Robert/AppData/Local/VisualGDB/CMake/share/cmake-3.20/Modules/Compiler/NVHPC-DetermineCompiler.cmake"
		},
		{
			"isCMake" : true,
			"isExternal" : true,
			"path" : "C:/Users/Prototype_Robert/AppData/Local/VisualGDB/CMake/share/cmake-3.20/Modules/Compiler/NVIDIA-DetermineCompiler.cmake"
		},
		{
			"isCMake" : true,
			"isExternal" : true,
			"path" : "C:/Users/Prototype_Robert/AppData/Local/VisualGDB/CMake/share/cmake-3.20/Modules/Compiler/OpenWatcom-DetermineCompiler.cmake"
		},
		{
			"isCMake" : true,
			"isExternal" : true,
			"path" : "C:/Users/Prototype_Robert/AppData/Local/VisualGDB/CMake/share/cmake-3.20/Modules/Compiler/PGI-DetermineCompiler.cmake"
		},
		{
			"isCMake" : true,
			"isExternal" : true,
			"path" : "C:/Users/Prototype_Robert/AppData/Local/VisualGDB/CMake/share/cmake-3.20/Modules/Compiler/PathScale-DetermineCompiler.cmake"
		},
		{
			"isCMake" : true,
			"isExternal" : true,
			"path" : "C:/Users/Prototype_Robert/AppData/Local/VisualGDB/CMake/share/cmake-3.20/Modules/Compiler/SCO-DetermineCompiler.cmake"
		},
		{
			"isCMake" : true,
			"isExternal" : true,
			"path" : "C:/Users/Prototype_Robert/AppData/Local/VisualGDB/CMake/share/cmake-3.20/Modules/Compiler/SDCC-C-DetermineCompiler.cmake"
		},
		{
			"isCMake" : true,
			"isExternal" : true,
			"path" : "C:/Users/Prototype_Robert/AppData/Local/VisualGDB/CMake/share/cmake-3.20/Modules/Compiler/SunPro-C-DetermineCompiler.cmake"
		},
		{
			"isCMake" : true,
			"isExternal" : true,
			"path" : "C:/Users/Prototype_Robert/AppData/Local/VisualGDB/CMake/share/cmake-3.20/Modules/Compiler/TI-DetermineCompiler.cmake"
		},
		{
			"isCMake" : true,
			"isExternal" : true,
			"path" : "C:/Users/Prototype_Robert/AppData/Local/VisualGDB/CMake/share/cmake-3.20/Modules/Compiler/TinyCC-C-DetermineCompiler.cmake"
		},
		{
			"isCMake" : true,
			"isExternal" : true,
			"path" : "C:/Users/Prototype_Robert/AppData/Local/VisualGDB/CMake/share/cmake-3.20/Modules/Compiler/VisualAge-C-DetermineCompiler.cmake"
		},
		{
			"isCMake" : true,
			"isExternal" : true,
			"path" : "C:/Users/Prototype_Robert/AppData/Local/VisualGDB/CMake/share/cmake-3.20/Modules/Compiler/IBMCPP-C-DetermineVersionInternal.cmake"
		},
		{
			"isCMake" : true,
			"isExternal" : true,
			"path" : "C:/Users/Prototype_Robert/AppData/Local/VisualGDB/CMake/share/cmake-3.20/Modules/Compiler/Watcom-DetermineCompiler.cmake"
		},
		{
			"isCMake" : true,
			"isExternal" : true,
			"path" : "C:/Users/Prototype_Robert/AppData/Local/VisualGDB/CMake/share/cmake-3.20/Modules/Compiler/XL-C-DetermineCompiler.cmake"
		},
		{
			"isCMake" : true,
			"isExternal" : true,
			"path" : "C:/Users/Prototype_Robert/AppData/Local/VisualGDB/CMake/share/cmake-3.20/Modules/Compiler/IBMCPP-C-DetermineVersionInternal.cmake"
		},
		{
			"isCMake" : true,
			"isExternal" : true,
			"path" : "C:/Users/Prototype_Robert/AppData/Local/VisualGDB/CMake/share/cmake-3.20/Modules/Compiler/XLClang-C-DetermineCompiler.cmake"
		},
		{
			"isCMake" : true,
			"isExternal" : true,
			"path" : "C:/Users/Prototype_Robert/AppData/Local/VisualGDB/CMake/share/cmake-3.20/Modules/Compiler/zOS-C-DetermineCompiler.cmake"
		},
		{
			"isCMake" : true,
			"isExternal" : true,
			"path" : "C:/Users/Prototype_Robert/AppData/Local/VisualGDB/CMake/share/cmake-3.20/Modules/Compiler/IBMCPP-C-DetermineVersionInternal.cmake"
		},
		{
			"isCMake" : true,
			"isExternal" : true,
			"path" : "C:/Users/Prototype_Robert/AppData/Local/VisualGDB/CMake/share/cmake-3.20/Modules/Compiler/ADSP-DetermineCompiler.cmake"
		},
		{
			"isCMake" : true,
			"isExternal" : true,
			"path" : "C:/Users/Prototype_Robert/AppData/Local/VisualGDB/CMake/share/cmake-3.20/Modules/Compiler/ARMCC-DetermineCompiler.cmake"
		},
		{
			"isCMake" : true,
			"isExternal" : true,
			"path" : "C:/Users/Prototype_Robert/AppData/Local/VisualGDB/CMake/share/cmake-3.20/Modules/Compiler/ARMClang-DetermineCompiler.cmake"
		},
		{
			"isCMake" : true,
			"isExternal" : true,
			"path" : "C:/Users/Prototype_Robert/AppData/Local/VisualGDB/CMake/share/cmake-3.20/Modules/Compiler/AppleClang-DetermineCompiler.cmake"
		},
		{
			"isCMake" : true,
			"isExternal" : true,
			"path" : "C:/Users/Prototype_Robert/AppData/Local/VisualGDB/CMake/share/cmake-3.20/Modules/Compiler/Clang-DetermineCompilerInternal.cmake"
		},
		{
			"isCMake" : true,
			"isExternal" : true,
			"path" : "C:/Users/Prototype_Robert/AppData/Local/VisualGDB/CMake/share/cmake-3.20/Modules/Compiler/Borland-DetermineCompiler.cmake"
		},
		{
			"isCMake" : true,
			"isExternal" : true,
			"path" : "C:/Users/Prototype_Robert/AppData/Local/VisualGDB/CMake/share/cmake-3.20/Modules/Compiler/Bruce-C-DetermineCompiler.cmake"
		},
		{
			"isCMake" : true,
			"isExternal" : true,
			"path" : "C:/Users/Prototype_Robert/AppData/Local/VisualGDB/CMake/share/cmake-3.20/Modules/Compiler/Clang-DetermineCompiler.cmake"
		},
		{
			"isCMake" : true,
			"isExternal" : true,
			"path" : "C:/Users/Prototype_Robert/AppData/Local/VisualGDB/CMake/share/cmake-3.20/Modules/Compiler/Clang-DetermineCompilerInternal.cmake"
		},
		{
			"isCMake" : true,
			"isExternal" : true,
			"path" : "C:/Users/Prototype_Robert/AppData/Local/VisualGDB/CMake/share/cmake-3.20/Modules/Compiler/Compaq-C-DetermineCompiler.cmake"
		},
		{
			"isCMake" : true,
			"isExternal" : true,
			"path" : "C:/Users/Prototype_Robert/AppData/Local/VisualGDB/CMake/share/cmake-3.20/Modules/Compiler/Cray-DetermineCompiler.cmake"
		},
		{
			"isCMake" : true,
			"isExternal" : true,
			"path" : "C:/Users/Prototype_Robert/AppData/Local/VisualGDB/CMake/share/cmake-3.20/Modules/Compiler/Embarcadero-DetermineCompiler.cmake"
		},
		{
			"isCMake" : true,
			"isExternal" : true,
			"path" : "C:/Users/Prototype_Robert/AppData/Local/VisualGDB/CMake/share/cmake-3.20/Modules/Compiler/Fujitsu-DetermineCompiler.cmake"
		},
		{
			"isCMake" : true,
			"isExternal" : true,
			"path" : "C:/Users/Prototype_Robert/AppData/Local/VisualGDB/CMake/share/cmake-3.20/Modules/Compiler/GHS-DetermineCompiler.cmake"
		},
		{
			"isCMake" : true,
			"isExternal" : true,
			"path" : "C:/Users/Prototype_Robert/AppData/Local/VisualGDB/CMake/share/cmake-3.20/Modules/Compiler/GNU-C-DetermineCompiler.cmake"
		},
		{
			"isCMake" : true,
			"isExternal" : true,
			"path" : "C:/Users/Prototype_Robert/AppData/Local/VisualGDB/CMake/share/cmake-3.20/Modules/Compiler/HP-C-DetermineCompiler.cmake"
		},
		{
			"isCMake" : true,
			"isExternal" : true,
			"path" : "C:/Users/Prototype_Robert/AppData/Local/VisualGDB/CMake/share/cmake-3.20/Modules/Compiler/IAR-DetermineCompiler.cmake"
		},
		{
			"isCMake" : true,
			"isExternal" : true,
			"path" : "C:/Users/Prototype_Robert/AppData/Local/VisualGDB/CMake/share/cmake-3.20/Modules/Compiler/Intel-DetermineCompiler.cmake"
		},
		{
			"isCMake" : true,
			"isExternal" : true,
			"path" : "C:/Users/Prototype_Robert/AppData/Local/VisualGDB/CMake/share/cmake-3.20/Modules/Compiler/IntelLLVM-DetermineCompiler.cmake"
		},
		{
			"isCMake" : true,
			"isExternal" : true,
			"path" : "C:/Users/Prototype_Robert/AppData/Local/VisualGDB/CMake/share/cmake-3.20/Modules/Compiler/MSVC-DetermineCompiler.cmake"
		},
		{
			"isCMake" : true,
			"isExternal" : true,
			"path" : "C:/Users/Prototype_Robert/AppData/Local/VisualGDB/CMake/share/cmake-3.20/Modules/Compiler/NVHPC-DetermineCompiler.cmake"
		},
		{
			"isCMake" : true,
			"isExternal" : true,
			"path" : "C:/Users/Prototype_Robert/AppData/Local/VisualGDB/CMake/share/cmake-3.20/Modules/Compiler/NVIDIA-DetermineCompiler.cmake"
		},
		{
			"isCMake" : true,
			"isExternal" : true,
			"path" : "C:/Users/Prototype_Robert/AppData/Local/VisualGDB/CMake/share/cmake-3.20/Modules/Compiler/OpenWatcom-DetermineCompiler.cmake"
		},
		{
			"isCMake" : true,
			"isExternal" : true,
			"path" : "C:/Users/Prototype_Robert/AppData/Local/VisualGDB/CMake/share/cmake-3.20/Modules/Compiler/PGI-DetermineCompiler.cmake"
		},
		{
			"isCMake" : true,
			"isExternal" : true,
			"path" : "C:/Users/Prototype_Robert/AppData/Local/VisualGDB/CMake/share/cmake-3.20/Modules/Compiler/PathScale-DetermineCompiler.cmake"
		},
		{
			"isCMake" : true,
			"isExternal" : true,
			"path" : "C:/Users/Prototype_Robert/AppData/Local/VisualGDB/CMake/share/cmake-3.20/Modules/Compiler/SCO-DetermineCompiler.cmake"
		},
		{
			"isCMake" : true,
			"isExternal" : true,
			"path" : "C:/Users/Prototype_Robert/AppData/Local/VisualGDB/CMake/share/cmake-3.20/Modules/Compiler/SDCC-C-DetermineCompiler.cmake"
		},
		{
			"isCMake" : true,
			"isExternal" : true,
			"path" : "C:/Users/Prototype_Robert/AppData/Local/VisualGDB/CMake/share/cmake-3.20/Modules/Compiler/SunPro-C-DetermineCompiler.cmake"
		},
		{
			"isCMake" : true,
			"isExternal" : true,
			"path" : "C:/Users/Prototype_Robert/AppData/Local/VisualGDB/CMake/share/cmake-3.20/Modules/Compiler/TI-DetermineCompiler.cmake"
		},
		{
			"isCMake" : true,
			"isExternal" : true,
			"path" : "C:/Users/Prototype_Robert/AppData/Local/VisualGDB/CMake/share/cmake-3.20/Modules/Compiler/TinyCC-C-DetermineCompiler.cmake"
		},
		{
			"isCMake" : true,
			"isExternal" : true,
			"path" : "C:/Users/Prototype_Robert/AppData/Local/VisualGDB/CMake/share/cmake-3.20/Modules/Compiler/VisualAge-C-DetermineCompiler.cmake"
		},
		{
			"isCMake" : true,
			"isExternal" : true,
			"path" : "C:/Users/Prototype_Robert/AppData/Local/VisualGDB/CMake/share/cmake-3.20/Modules/Compiler/IBMCPP-C-DetermineVersionInternal.cmake"
		},
		{
			"isCMake" : true,
			"isExternal" : true,
			"path" : "C:/Users/Prototype_Robert/AppData/Local/VisualGDB/CMake/share/cmake-3.20/Modules/Compiler/Watcom-DetermineCompiler.cmake"
		},
		{
			"isCMake" : true,
			"isExternal" : true,
			"path" : "C:/Users/Prototype_Robert/AppData/Local/VisualGDB/CMake/share/cmake-3.20/Modules/Compiler/XL-C-DetermineCompiler.cmake"
		},
		{
			"isCMake" : true,
			"isExternal" : true,
			"path" : "C:/Users/Prototype_Robert/AppData/Local/VisualGDB/CMake/share/cmake-3.20/Modules/Compiler/IBMCPP-C-DetermineVersionInternal.cmake"
		},
		{
			"isCMake" : true,
			"isExternal" : true,
			"path" : "C:/Users/Prototype_Robert/AppData/Local/VisualGDB/CMake/share/cmake-3.20/Modules/Compiler/XLClang-C-DetermineCompiler.cmake"
		},
		{
			"isCMake" : true,
			"isExternal" : true,
			"path" : "C:/Users/Prototype_Robert/AppData/Local/VisualGDB/CMake/share/cmake-3.20/Modules/Compiler/zOS-C-DetermineCompiler.cmake"
		},
		{
			"isCMake" : true,
			"isExternal" : true,
			"path" : "C:/Users/Prototype_Robert/AppData/Local/VisualGDB/CMake/share/cmake-3.20/Modules/Compiler/IBMCPP-C-DetermineVersionInternal.cmake"
		},
		{
			"isCMake" : true,
			"isExternal" : true,
			"path" : "C:/Users/Prototype_Robert/AppData/Local/VisualGDB/CMake/share/cmake-3.20/Modules/CMakeFindBinUtils.cmake"
		},
		{
			"isCMake" : true,
			"isExternal" : true,
			"path" : "C:/Users/Prototype_Robert/AppData/Local/VisualGDB/CMake/share/cmake-3.20/Modules/Compiler/GNU-FindBinUtils.cmake"
		},
		{
			"isCMake" : true,
			"isExternal" : true,
			"path" : "C:/Users/Prototype_Robert/AppData/Local/VisualGDB/CMake/share/cmake-3.20/Modules/CMakeCCompiler.cmake.in"
		},
		{
			"isGenerated" : true,
			"path" : "build/VisualGDB/Debug/CMakeFiles/3.20.3-dirty/CMakeCCompiler.cmake"
		},
		{
			"isCMake" : true,
			"isExternal" : true,
			"path" : "C:/Users/Prototype_Robert/AppData/Local/VisualGDB/CMake/share/cmake-3.20/Modules/CMakeDetermineCXXCompiler.cmake"
		},
		{
			"isCMake" : true,
			"isExternal" : true,
			"path" : "C:/Users/Prototype_Robert/AppData/Local/VisualGDB/CMake/share/cmake-3.20/Modules/CMakeDetermineCompiler.cmake"
		},
		{
			"isCMake" : true,
			"isExternal" : true,
			"path" : "C:/Users/Prototype_Robert/AppData/Local/VisualGDB/CMake/share/cmake-3.20/Modules/CMakeDetermineCompilerId.cmake"
		},
		{
			"isCMake" : true,
			"isExternal" : true,
			"path" : "C:/Users/Prototype_Robert/AppData/Local/VisualGDB/CMake/share/cmake-3.20/Modules/CMakeCompilerIdDetection.cmake"
		},
		{
			"isCMake" : true,
			"isExternal" : true,
			"path" : "C:/Users/Prototype_Robert/AppData/Local/VisualGDB/CMake/share/cmake-3.20/Modules/Compiler/ADSP-DetermineCompiler.cmake"
		},
		{
			"isCMake" : true,
			"isExternal" : true,
			"path" : "C:/Users/Prototype_Robert/AppData/Local/VisualGDB/CMake/share/cmake-3.20/Modules/Compiler/ARMCC-DetermineCompiler.cmake"
		},
		{
			"isCMake" : true,
			"isExternal" : true,
			"path" : "C:/Users/Prototype_Robert/AppData/Local/VisualGDB/CMake/share/cmake-3.20/Modules/Compiler/ARMClang-DetermineCompiler.cmake"
		},
		{
			"isCMake" : true,
			"isExternal" : true,
			"path" : "C:/Users/Prototype_Robert/AppData/Local/VisualGDB/CMake/share/cmake-3.20/Modules/Compiler/AppleClang-DetermineCompiler.cmake"
		},
		{
			"isCMake" : true,
			"isExternal" : true,
			"path" : "C:/Users/Prototype_Robert/AppData/Local/VisualGDB/CMake/share/cmake-3.20/Modules/Compiler/Clang-DetermineCompilerInternal.cmake"
		},
		{
			"isCMake" : true,
			"isExternal" : true,
			"path" : "C:/Users/Prototype_Robert/AppData/Local/VisualGDB/CMake/share/cmake-3.20/Modules/Compiler/Borland-DetermineCompiler.cmake"
		},
		{
			"isCMake" : true,
			"isExternal" : true,
			"path" : "C:/Users/Prototype_Robert/AppData/Local/VisualGDB/CMake/share/cmake-3.20/Modules/Compiler/Clang-DetermineCompiler.cmake"
		},
		{
			"isCMake" : true,
			"isExternal" : true,
			"path" : "C:/Users/Prototype_Robert/AppData/Local/VisualGDB/CMake/share/cmake-3.20/Modules/Compiler/Clang-DetermineCompilerInternal.cmake"
		},
		{
			"isCMake" : true,
			"isExternal" : true,
			"path" : "C:/Users/Prototype_Robert/AppData/Local/VisualGDB/CMake/share/cmake-3.20/Modules/Compiler/Comeau-CXX-DetermineCompiler.cmake"
		},
		{
			"isCMake" : true,
			"isExternal" : true,
			"path" : "C:/Users/Prototype_Robert/AppData/Local/VisualGDB/CMake/share/cmake-3.20/Modules/Compiler/Compaq-CXX-DetermineCompiler.cmake"
		},
		{
			"isCMake" : true,
			"isExternal" : true,
			"path" : "C:/Users/Prototype_Robert/AppData/Local/VisualGDB/CMake/share/cmake-3.20/Modules/Compiler/Cray-DetermineCompiler.cmake"
		},
		{
			"isCMake" : true,
			"isExternal" : true,
			"path" : "C:/Users/Prototype_Robert/AppData/Local/VisualGDB/CMake/share/cmake-3.20/Modules/Compiler/Embarcadero-DetermineCompiler.cmake"
		},
		{
			"isCMake" : true,
			"isExternal" : true,
			"path" : "C:/Users/Prototype_Robert/AppData/Local/VisualGDB/CMake/share/cmake-3.20/Modules/Compiler/Fujitsu-DetermineCompiler.cmake"
		},
		{
			"isCMake" : true,
			"isExternal" : true,
			"path" : "C:/Users/Prototype_Robert/AppData/Local/VisualGDB/CMake/share/cmake-3.20/Modules/Compiler/GHS-DetermineCompiler.cmake"
		},
		{
			"isCMake" : true,
			"isExternal" : true,
			"path" : "C:/Users/Prototype_Robert/AppData/Local/VisualGDB/CMake/share/cmake-3.20/Modules/Compiler/GNU-CXX-DetermineCompiler.cmake"
		},
		{
			"isCMake" : true,
			"isExternal" : true,
			"path" : "C:/Users/Prototype_Robert/AppData/Local/VisualGDB/CMake/share/cmake-3.20/Modules/Compiler/HP-CXX-DetermineCompiler.cmake"
		},
		{
			"isCMake" : true,
			"isExternal" : true,
			"path" : "C:/Users/Prototype_Robert/AppData/Local/VisualGDB/CMake/share/cmake-3.20/Modules/Compiler/IAR-DetermineCompiler.cmake"
		},
		{
			"isCMake" : true,
			"isExternal" : true,
			"path" : "C:/Users/Prototype_Robert/AppData/Local/VisualGDB/CMake/share/cmake-3.20/Modules/Compiler/Intel-DetermineCompiler.cmake"
		},
		{
			"isCMake" : true,
			"isExternal" : true,
			"path" : "C:/Users/Prototype_Robert/AppData/Local/VisualGDB/CMake/share/cmake-3.20/Modules/Compiler/IntelLLVM-DetermineCompiler.cmake"
		},
		{
			"isCMake" : true,
			"isExternal" : true,
			"path" : "C:/Users/Prototype_Robert/AppData/Local/VisualGDB/CMake/share/cmake-3.20/Modules/Compiler/MSVC-DetermineCompiler.cmake"
		},
		{
			"isCMake" : true,
			"isExternal" : true,
			"path" : "C:/Users/Prototype_Robert/AppData/Local/VisualGDB/CMake/share/cmake-3.20/Modules/Compiler/NVHPC-DetermineCompiler.cmake"
		},
		{
			"isCMake" : true,
			"isExternal" : true,
			"path" : "C:/Users/Prototype_Robert/AppData/Local/VisualGDB/CMake/share/cmake-3.20/Modules/Compiler/NVIDIA-DetermineCompiler.cmake"
		},
		{
			"isCMake" : true,
			"isExternal" : true,
			"path" : "C:/Users/Prototype_Robert/AppData/Local/VisualGDB/CMake/share/cmake-3.20/Modules/Compiler/OpenWatcom-DetermineCompiler.cmake"
		},
		{
			"isCMake" : true,
			"isExternal" : true,
			"path" : "C:/Users/Prototype_Robert/AppData/Local/VisualGDB/CMake/share/cmake-3.20/Modules/Compiler/PGI-DetermineCompiler.cmake"
		},
		{
			"isCMake" : true,
			"isExternal" : true,
			"path" : "C:/Users/Prototype_Robert/AppData/Local/VisualGDB/CMake/share/cmake-3.20/Modules/Compiler/PathScale-DetermineCompiler.cmake"
		},
		{
			"isCMake" : true,
			"isExternal" : true,
			"path" : "C:/Users/Prototype_Robert/AppData/Local/VisualGDB/CMake/share/cmake-3.20/Modules/Compiler/SCO-DetermineCompiler.cmake"
		},
		{
			"isCMake" : true,
			"isExternal" : true,
			"path" : "C:/Users/Prototype_Robert/AppData/Local/VisualGDB/CMake/share/cmake-3.20/Modules/Compiler/SunPro-CXX-DetermineCompiler.cmake"
		},
		{
			"isCMake" : true,
			"isExternal" : true,
			"path" : "C:/Users/Prototype_Robert/AppData/Local/VisualGDB/CMake/share/cmake-3.20/Modules/Compiler/TI-DetermineCompiler.cmake"
		},
		{
			"isCMake" : true,
			"isExternal" : true,
			"path" : "C:/Users/Prototype_Robert/AppData/Local/VisualGDB/CMake/share/cmake-3.20/Modules/Compiler/VisualAge-CXX-DetermineCompiler.cmake"
		},
		{
			"isCMake" : true,
			"isExternal" : true,
			"path" : "C:/Users/Prototype_Robert/AppData/Local/VisualGDB/CMake/share/cmake-3.20/Modules/Compiler/IBMCPP-CXX-DetermineVersionInternal.cmake"
		},
		{
			"isCMake" : true,
			"isExternal" : true,
			"path" : "C:/Users/Prototype_Robert/AppData/Local/VisualGDB/CMake/share/cmake-3.20/Modules/Compiler/Watcom-DetermineCompiler.cmake"
		},
		{
			"isCMake" : true,
			"isExternal" : true,
			"path" : "C:/Users/Prototype_Robert/AppData/Local/VisualGDB/CMake/share/cmake-3.20/Modules/Compiler/XL-CXX-DetermineCompiler.cmake"
		},
		{
			"isCMake" : true,
			"isExternal" : true,
			"path" : "C:/Users/Prototype_Robert/AppData/Local/VisualGDB/CMake/share/cmake-3.20/Modules/Compiler/IBMCPP-CXX-DetermineVersionInternal.cmake"
		},
		{
			"isCMake" : true,
			"isExternal" : true,
			"path" : "C:/Users/Prototype_Robert/AppData/Local/VisualGDB/CMake/share/cmake-3.20/Modules/Compiler/XLClang-CXX-DetermineCompiler.cmake"
		},
		{
			"isCMake" : true,
			"isExternal" : true,
			"path" : "C:/Users/Prototype_Robert/AppData/Local/VisualGDB/CMake/share/cmake-3.20/Modules/Compiler/zOS-CXX-DetermineCompiler.cmake"
		},
		{
			"isCMake" : true,
			"isExternal" : true,
			"path" : "C:/Users/Prototype_Robert/AppData/Local/VisualGDB/CMake/share/cmake-3.20/Modules/Compiler/IBMCPP-CXX-DetermineVersionInternal.cmake"
		},
		{
			"isCMake" : true,
			"isExternal" : true,
			"path" : "C:/Users/Prototype_Robert/AppData/Local/VisualGDB/CMake/share/cmake-3.20/Modules/Compiler/ADSP-DetermineCompiler.cmake"
		},
		{
			"isCMake" : true,
			"isExternal" : true,
			"path" : "C:/Users/Prototype_Robert/AppData/Local/VisualGDB/CMake/share/cmake-3.20/Modules/Compiler/ARMCC-DetermineCompiler.cmake"
		},
		{
			"isCMake" : true,
			"isExternal" : true,
			"path" : "C:/Users/Prototype_Robert/AppData/Local/VisualGDB/CMake/share/cmake-3.20/Modules/Compiler/ARMClang-DetermineCompiler.cmake"
		},
		{
			"isCMake" : true,
			"isExternal" : true,
			"path" : "C:/Users/Prototype_Robert/AppData/Local/VisualGDB/CMake/share/cmake-3.20/Modules/Compiler/AppleClang-DetermineCompiler.cmake"
		},
		{
			"isCMake" : true,
			"isExternal" : true,
			"path" : "C:/Users/Prototype_Robert/AppData/Local/VisualGDB/CMake/share/cmake-3.20/Modules/Compiler/Clang-DetermineCompilerInternal.cmake"
		},
		{
			"isCMake" : true,
			"isExternal" : true,
			"path" : "C:/Users/Prototype_Robert/AppData/Local/VisualGDB/CMake/share/cmake-3.20/Modules/Compiler/Borland-DetermineCompiler.cmake"
		},
		{
			"isCMake" : true,
			"isExternal" : true,
			"path" : "C:/Users/Prototype_Robert/AppData/Local/VisualGDB/CMake/share/cmake-3.20/Modules/Compiler/Clang-DetermineCompiler.cmake"
		},
		{
			"isCMake" : true,
			"isExternal" : true,
			"path" : "C:/Users/Prototype_Robert/AppData/Local/VisualGDB/CMake/share/cmake-3.20/Modules/Compiler/Clang-DetermineCompilerInternal.cmake"
		},
		{
			"isCMake" : true,
			"isExternal" : true,
			"path" : "C:/Users/Prototype_Robert/AppData/Local/VisualGDB/CMake/share/cmake-3.20/Modules/Compiler/Comeau-CXX-DetermineCompiler.cmake"
		},
		{
			"isCMake" : true,
			"isExternal" : true,
			"path" : "C:/Users/Prototype_Robert/AppData/Local/VisualGDB/CMake/share/cmake-3.20/Modules/Compiler/Compaq-CXX-DetermineCompiler.cmake"
		},
		{
			"isCMake" : true,
			"isExternal" : true,
			"path" : "C:/Users/Prototype_Robert/AppData/Local/VisualGDB/CMake/share/cmake-3.20/Modules/Compiler/Cray-DetermineCompiler.cmake"
		},
		{
			"isCMake" : true,
			"isExternal" : true,
			"path" : "C:/Users/Prototype_Robert/AppData/Local/VisualGDB/CMake/share/cmake-3.20/Modules/Compiler/Embarcadero-DetermineCompiler.cmake"
		},
		{
			"isCMake" : true,
			"isExternal" : true,
			"path" : "C:/Users/Prototype_Robert/AppData/Local/VisualGDB/CMake/share/cmake-3.20/Modules/Compiler/Fujitsu-DetermineCompiler.cmake"
		},
		{
			"isCMake" : true,
			"isExternal" : true,
			"path" : "C:/Users/Prototype_Robert/AppData/Local/VisualGDB/CMake/share/cmake-3.20/Modules/Compiler/GHS-DetermineCompiler.cmake"
		},
		{
			"isCMake" : true,
			"isExternal" : true,
			"path" : "C:/Users/Prototype_Robert/AppData/Local/VisualGDB/CMake/share/cmake-3.20/Modules/Compiler/GNU-CXX-DetermineCompiler.cmake"
		},
		{
			"isCMake" : true,
			"isExternal" : true,
			"path" : "C:/Users/Prototype_Robert/AppData/Local/VisualGDB/CMake/share/cmake-3.20/Modules/Compiler/HP-CXX-DetermineCompiler.cmake"
		},
		{
			"isCMake" : true,
			"isExternal" : true,
			"path" : "C:/Users/Prototype_Robert/AppData/Local/VisualGDB/CMake/share/cmake-3.20/Modules/Compiler/IAR-DetermineCompiler.cmake"
		},
		{
			"isCMake" : true,
			"isExternal" : true,
			"path" : "C:/Users/Prototype_Robert/AppData/Local/VisualGDB/CMake/share/cmake-3.20/Modules/Compiler/Intel-DetermineCompiler.cmake"
		},
		{
			"isCMake" : true,
			"isExternal" : true,
			"path" : "C:/Users/Prototype_Robert/AppData/Local/VisualGDB/CMake/share/cmake-3.20/Modules/Compiler/IntelLLVM-DetermineCompiler.cmake"
		},
		{
			"isCMake" : true,
			"isExternal" : true,
			"path" : "C:/Users/Prototype_Robert/AppData/Local/VisualGDB/CMake/share/cmake-3.20/Modules/Compiler/MSVC-DetermineCompiler.cmake"
		},
		{
			"isCMake" : true,
			"isExternal" : true,
			"path" : "C:/Users/Prototype_Robert/AppData/Local/VisualGDB/CMake/share/cmake-3.20/Modules/Compiler/NVHPC-DetermineCompiler.cmake"
		},
		{
			"isCMake" : true,
			"isExternal" : true,
			"path" : "C:/Users/Prototype_Robert/AppData/Local/VisualGDB/CMake/share/cmake-3.20/Modules/Compiler/NVIDIA-DetermineCompiler.cmake"
		},
		{
			"isCMake" : true,
			"isExternal" : true,
			"path" : "C:/Users/Prototype_Robert/AppData/Local/VisualGDB/CMake/share/cmake-3.20/Modules/Compiler/OpenWatcom-DetermineCompiler.cmake"
		},
		{
			"isCMake" : true,
			"isExternal" : true,
			"path" : "C:/Users/Prototype_Robert/AppData/Local/VisualGDB/CMake/share/cmake-3.20/Modules/Compiler/PGI-DetermineCompiler.cmake"
		},
		{
			"isCMake" : true,
			"isExternal" : true,
			"path" : "C:/Users/Prototype_Robert/AppData/Local/VisualGDB/CMake/share/cmake-3.20/Modules/Compiler/PathScale-DetermineCompiler.cmake"
		},
		{
			"isCMake" : true,
			"isExternal" : true,
			"path" : "C:/Users/Prototype_Robert/AppData/Local/VisualGDB/CMake/share/cmake-3.20/Modules/Compiler/SCO-DetermineCompiler.cmake"
		},
		{
			"isCMake" : true,
			"isExternal" : true,
			"path" : "C:/Users/Prototype_Robert/AppData/Local/VisualGDB/CMake/share/cmake-3.20/Modules/Compiler/SunPro-CXX-DetermineCompiler.cmake"
		},
		{
			"isCMake" : true,
			"isExternal" : true,
			"path" : "C:/Users/Prototype_Robert/AppData/Local/VisualGDB/CMake/share/cmake-3.20/Modules/Compiler/TI-DetermineCompiler.cmake"
		},
		{
			"isCMake" : true,
			"isExternal" : true,
			"path" : "C:/Users/Prototype_Robert/AppData/Local/VisualGDB/CMake/share/cmake-3.20/Modules/Compiler/VisualAge-CXX-DetermineCompiler.cmake"
		},
		{
			"isCMake" : true,
			"isExternal" : true,
			"path" : "C:/Users/Prototype_Robert/AppData/Local/VisualGDB/CMake/share/cmake-3.20/Modules/Compiler/IBMCPP-CXX-DetermineVersionInternal.cmake"
		},
		{
			"isCMake" : true,
			"isExternal" : true,
			"path" : "C:/Users/Prototype_Robert/AppData/Local/VisualGDB/CMake/share/cmake-3.20/Modules/Compiler/Watcom-DetermineCompiler.cmake"
		},
		{
			"isCMake" : true,
			"isExternal" : true,
			"path" : "C:/Users/Prototype_Robert/AppData/Local/VisualGDB/CMake/share/cmake-3.20/Modules/Compiler/XL-CXX-DetermineCompiler.cmake"
		},
		{
			"isCMake" : true,
			"isExternal" : true,
			"path" : "C:/Users/Prototype_Robert/AppData/Local/VisualGDB/CMake/share/cmake-3.20/Modules/Compiler/IBMCPP-CXX-DetermineVersionInternal.cmake"
		},
		{
			"isCMake" : true,
			"isExternal" : true,
			"path" : "C:/Users/Prototype_Robert/AppData/Local/VisualGDB/CMake/share/cmake-3.20/Modules/Compiler/XLClang-CXX-DetermineCompiler.cmake"
		},
		{
			"isCMake" : true,
			"isExternal" : true,
			"path" : "C:/Users/Prototype_Robert/AppData/Local/VisualGDB/CMake/share/cmake-3.20/Modules/Compiler/zOS-CXX-DetermineCompiler.cmake"
		},
		{
			"isCMake" : true,
			"isExternal" : true,
			"path" : "C:/Users/Prototype_Robert/AppData/Local/VisualGDB/CMake/share/cmake-3.20/Modules/Compiler/IBMCPP-CXX-DetermineVersionInternal.cmake"
		},
		{
			"isCMake" : true,
			"isExternal" : true,
			"path" : "C:/Users/Prototype_Robert/AppData/Local/VisualGDB/CMake/share/cmake-3.20/Modules/CMakeFindBinUtils.cmake"
		},
		{
			"isCMake" : true,
			"isExternal" : true,
			"path" : "C:/Users/Prototype_Robert/AppData/Local/VisualGDB/CMake/share/cmake-3.20/Modules/Compiler/GNU-FindBinUtils.cmake"
		},
		{
			"isCMake" : true,
			"isExternal" : true,
			"path" : "C:/Users/Prototype_Robert/AppData/Local/VisualGDB/CMake/share/cmake-3.20/Modules/CMakeCXXCompiler.cmake.in"
		},
		{
			"isGenerated" : true,
			"path" : "build/VisualGDB/Debug/CMakeFiles/3.20.3-dirty/CMakeCXXCompiler.cmake"
		},
		{
			"isCMake" : true,
			"isExternal" : true,
			"path" : "C:/Users/Prototype_Robert/AppData/Local/VisualGDB/CMake/share/cmake-3.20/Modules/CMakeDetermineASMCompiler.cmake"
		},
		{
			"isCMake" : true,
			"isExternal" : true,
			"path" : "C:/Users/Prototype_Robert/AppData/Local/VisualGDB/CMake/share/cmake-3.20/Modules/CMakeDetermineCompiler.cmake"
		},
		{
			"isCMake" : true,
			"isExternal" : true,
			"path" : "C:/Users/Prototype_Robert/AppData/Local/VisualGDB/CMake/share/cmake-3.20/Modules/CMakeDetermineCompilerId.cmake"
		},
		{
			"isCMake" : true,
			"isExternal" : true,
			"path" : "C:/Users/Prototype_Robert/AppData/Local/VisualGDB/CMake/share/cmake-3.20/Modules/CMakeCompilerIdDetection.cmake"
		},
		{
			"isCMake" : true,
			"isExternal" : true,
			"path" : "C:/Users/Prototype_Robert/AppData/Local/VisualGDB/CMake/share/cmake-3.20/Modules/CMakeFindBinUtils.cmake"
		},
		{
			"isCMake" : true,
			"isExternal" : true,
			"path" : "C:/Users/Prototype_Robert/AppData/Local/VisualGDB/CMake/share/cmake-3.20/Modules/Compiler/GNU-FindBinUtils.cmake"
		},
		{
			"isCMake" : true,
			"isExternal" : true,
			"path" : "C:/Users/Prototype_Robert/AppData/Local/VisualGDB/CMake/share/cmake-3.20/Modules/CMakeASMCompiler.cmake.in"
		},
		{
			"isGenerated" : true,
			"path" : "build/VisualGDB/Debug/CMakeFiles/3.20.3-dirty/CMakeASMCompiler.cmake"
		},
		{
			"isCMake" : true,
			"isExternal" : true,
			"path" : "C:/Users/Prototype_Robert/AppData/Local/VisualGDB/CMake/share/cmake-3.20/Modules/CMakeSystemSpecificInformation.cmake"
		},
		{
			"isCMake" : true,
			"isExternal" : true,
			"path" : "C:/Users/Prototype_Robert/AppData/Local/VisualGDB/CMake/share/cmake-3.20/Modules/CMakeGenericSystem.cmake"
		},
		{
			"isCMake" : true,
			"isExternal" : true,
			"path" : "C:/Users/Prototype_Robert/AppData/Local/VisualGDB/CMake/share/cmake-3.20/Modules/CMakeInitializeConfigs.cmake"
		},
		{
			"isCMake" : true,
			"isExternal" : true,
			"path" : "C:/Users/Prototype_Robert/AppData/Local/VisualGDB/CMake/share/cmake-3.20/Modules/Platform/Generic.cmake"
		},
		{
			"isCMake" : true,
			"isExternal" : true,
			"path" : "C:/Users/Prototype_Robert/AppData/Local/VisualGDB/CMake/share/cmake-3.20/Modules/CMakeCInformation.cmake"
		},
		{
			"isCMake" : true,
			"isExternal" : true,
			"path" : "C:/Users/Prototype_Robert/AppData/Local/VisualGDB/CMake/share/cmake-3.20/Modules/CMakeLanguageInformation.cmake"
		},
		{
			"isCMake" : true,
			"isExternal" : true,
			"path" : "C:/Users/Prototype_Robert/AppData/Local/VisualGDB/CMake/share/cmake-3.20/Modules/Compiler/GNU-C.cmake"
		},
		{
			"isCMake" : true,
			"isExternal" : true,
			"path" : "C:/Users/Prototype_Robert/AppData/Local/VisualGDB/CMake/share/cmake-3.20/Modules/Compiler/GNU.cmake"
		},
		{
			"isCMake" : true,
			"isExternal" : true,
			"path" : "C:/Users/Prototype_Robert/AppData/Local/VisualGDB/CMake/share/cmake-3.20/Modules/Compiler/CMakeCommonCompilerMacros.cmake"
		},
		{
			"isCMake" : true,
			"isExternal" : true,
			"path" : "C:/Users/Prototype_Robert/AppData/Local/VisualGDB/CMake/share/cmake-3.20/Modules/Platform/Generic.cmake"
		},
		{
			"isCMake" : true,
			"isExternal" : true,
			"path" : "C:/Users/Prototype_Robert/AppData/Local/VisualGDB/CMake/share/cmake-3.20/Modules/CMakeCommonLanguageInclude.cmake"
		},
		{
			"isCMake" : true,
			"isExternal" : true,
			"path" : "C:/Users/Prototype_Robert/AppData/Local/VisualGDB/CMake/share/cmake-3.20/Modules/CMakeTestCCompiler.cmake"
		},
		{
			"isCMake" : true,
			"isExternal" : true,
			"path" : "C:/Users/Prototype_Robert/AppData/Local/VisualGDB/CMake/share/cmake-3.20/Modules/CMakeTestCompilerCommon.cmake"
		},
		{
			"isCMake" : true,
			"isExternal" : true,
			"path" : "C:/Users/Prototype_Robert/AppData/Local/VisualGDB/CMake/share/cmake-3.20/Modules/CMakeDetermineCompilerABI.cmake"
		},
		{
			"isCMake" : true,
			"isExternal" : true,
			"path" : "C:/Users/Prototype_Robert/AppData/Local/VisualGDB/CMake/share/cmake-3.20/Modules/CMakeParseImplicitIncludeInfo.cmake"
		},
		{
			"isCMake" : true,
			"isExternal" : true,
			"path" : "C:/Users/Prototype_Robert/AppData/Local/VisualGDB/CMake/share/cmake-3.20/Modules/CMakeParseImplicitLinkInfo.cmake"
		},
		{
			"isCMake" : true,
			"isExternal" : true,
			"path" : "C:/Users/Prototype_Robert/AppData/Local/VisualGDB/CMake/share/cmake-3.20/Modules/CMakeParseLibraryArchitecture.cmake"
		},
		{
			"isCMake" : true,
			"isExternal" : true,
			"path" : "C:/Users/Prototype_Robert/AppData/Local/VisualGDB/CMake/share/cmake-3.20/Modules/CMakeTestCompilerCommon.cmake"
		},
		{
			"isCMake" : true,
			"isExternal" : true,
			"path" : "C:/Users/Prototype_Robert/AppData/Local/VisualGDB/CMake/share/cmake-3.20/Modules/CMakeCCompilerABI.c"
		},
		{
			"isCMake" : true,
			"isExternal" : true,
			"path" : "C:/Users/Prototype_Robert/AppData/Local/VisualGDB/CMake/share/cmake-3.20/Modules/CMakeDetermineCompileFeatures.cmake"
		},
		{
			"isCMake" : true,
			"isExternal" : true,
			"path" : "C:/Users/Prototype_Robert/AppData/Local/VisualGDB/CMake/share/cmake-3.20/Modules/Internal/FeatureTesting.cmake"
		},
		{
			"isCMake" : true,
			"isExternal" : true,
			"path" : "C:/Users/Prototype_Robert/AppData/Local/VisualGDB/CMake/share/cmake-3.20/Modules/CMakeCCompiler.cmake.in"
		},
		{
			"isGenerated" : true,
			"path" : "build/VisualGDB/Debug/CMakeFiles/3.20.3-dirty/CMakeCCompiler.cmake"
		},
		{
			"isCMake" : true,
			"isExternal" : true,
			"path" : "C:/Users/Prototype_Robert/AppData/Local/VisualGDB/CMake/share/cmake-3.20/Modules/CMakeCXXInformation.cmake"
		},
		{
			"isCMake" : true,
			"isExternal" : true,
			"path" : "C:/Users/Prototype_Robert/AppData/Local/VisualGDB/CMake/share/cmake-3.20/Modules/CMakeLanguageInformation.cmake"
		},
		{
			"isCMake" : true,
			"isExternal" : true,
			"path" : "C:/Users/Prototype_Robert/AppData/Local/VisualGDB/CMake/share/cmake-3.20/Modules/Compiler/GNU-CXX.cmake"
		},
		{
			"isCMake" : true,
			"isExternal" : true,
			"path" : "C:/Users/Prototype_Robert/AppData/Local/VisualGDB/CMake/share/cmake-3.20/Modules/Compiler/GNU.cmake"
		},
		{
			"isCMake" : true,
			"isExternal" : true,
			"path" : "C:/Users/Prototype_Robert/AppData/Local/VisualGDB/CMake/share/cmake-3.20/Modules/Platform/Generic.cmake"
		},
		{
			"isCMake" : true,
			"isExternal" : true,
			"path" : "C:/Users/Prototype_Robert/AppData/Local/VisualGDB/CMake/share/cmake-3.20/Modules/CMakeCommonLanguageInclude.cmake"
		},
		{
			"isCMake" : true,
			"isExternal" : true,
			"path" : "C:/Users/Prototype_Robert/AppData/Local/VisualGDB/CMake/share/cmake-3.20/Modules/CMakeTestCXXCompiler.cmake"
		},
		{
			"isCMake" : true,
			"isExternal" : true,
			"path" : "C:/Users/Prototype_Robert/AppData/Local/VisualGDB/CMake/share/cmake-3.20/Modules/CMakeTestCompilerCommon.cmake"
		},
		{
			"isCMake" : true,
			"isExternal" : true,
			"path" : "C:/Users/Prototype_Robert/AppData/Local/VisualGDB/CMake/share/cmake-3.20/Modules/CMakeDetermineCompilerABI.cmake"
		},
		{
			"isCMake" : true,
			"isExternal" : true,
			"path" : "C:/Users/Prototype_Robert/AppData/Local/VisualGDB/CMake/share/cmake-3.20/Modules/CMakeParseImplicitIncludeInfo.cmake"
		},
		{
			"isCMake" : true,
			"isExternal" : true,
			"path" : "C:/Users/Prototype_Robert/AppData/Local/VisualGDB/CMake/share/cmake-3.20/Modules/CMakeParseImplicitLinkInfo.cmake"
		},
		{
			"isCMake" : true,
			"isExternal" : true,
			"path" : "C:/Users/Prototype_Robert/AppData/Local/VisualGDB/CMake/share/cmake-3.20/Modules/CMakeParseLibraryArchitecture.cmake"
		},
		{
			"isCMake" : true,
			"isExternal" : true,
			"path" : "C:/Users/Prototype_Robert/AppData/Local/VisualGDB/CMake/share/cmake-3.20/Modules/CMakeTestCompilerCommon.cmake"
		},
		{
			"isCMake" : true,
			"isExternal" : true,
			"path" : "C:/Users/Prototype_Robert/AppData/Local/VisualGDB/CMake/share/cmake-3.20/Modules/CMakeCXXCompilerABI.cpp"
		},
		{
			"isCMake" : true,
			"isExternal" : true,
			"path" : "C:/Users/Prototype_Robert/AppData/Local/VisualGDB/CMake/share/cmake-3.20/Modules/CMakeDetermineCompileFeatures.cmake"
		},
		{
			"isCMake" : true,
			"isExternal" : true,
			"path" : "C:/Users/Prototype_Robert/AppData/Local/VisualGDB/CMake/share/cmake-3.20/Modules/Internal/FeatureTesting.cmake"
		},
		{
			"isCMake" : true,
			"isExternal" : true,
			"path" : "C:/Users/Prototype_Robert/AppData/Local/VisualGDB/CMake/share/cmake-3.20/Modules/CMakeCXXCompiler.cmake.in"
		},
		{
			"isGenerated" : true,
			"path" : "build/VisualGDB/Debug/CMakeFiles/3.20.3-dirty/CMakeCXXCompiler.cmake"
		},
		{
			"isCMake" : true,
			"isExternal" : true,
			"path" : "C:/Users/Prototype_Robert/AppData/Local/VisualGDB/CMake/share/cmake-3.20/Modules/CMakeASMInformation.cmake"
		},
		{
			"isCMake" : true,
			"isExternal" : true,
			"path" : "C:/Users/Prototype_Robert/AppData/Local/VisualGDB/CMake/share/cmake-3.20/Modules/Compiler/GNU-ASM.cmake"
		},
		{
			"isCMake" : true,
			"isExternal" : true,
			"path" : "C:/Users/Prototype_Robert/AppData/Local/VisualGDB/CMake/share/cmake-3.20/Modules/Compiler/GNU.cmake"
		},
		{
			"isCMake" : true,
			"isExternal" : true,
			"path" : "C:/Users/Prototype_Robert/AppData/Local/VisualGDB/CMake/share/cmake-3.20/Modules/CMakeTestASMCompiler.cmake"
		},
		{
			"isExternal" : true,
			"path" : "C:/Users/Prototype_Robert/AppData/Local/VisualGDB/FindBSP.cmake"
		},
		{
			"isGenerated" : true,
			"path" : "build/VisualGDB/Debug/BSP.cmake"
		}
	],
	"kind" : "cmakeFiles",
	"paths" : 
	{
		"build" : "C:/Users/Prototype_Robert/source/repos/ProtypeJP/MVP_UART_5ChanADC/build/VisualGDB/Debug",
		"source" : "C:/Users/Prototype_Robert/source/repos/ProtypeJP/MVP_UART_5ChanADC"
	},
	"version" : 
	{
		"major" : 1,
		"minor" : 0
	}
}
