{
	"backtrace" : 2,
	"backtraceGraph" : 
	{
		"commands" : 
		[
			"add_custom_target",
			"add_bsp_based_executable",
			"add_custom_command"
		],
		"files" : 
		[
			"C:/Program Files (x86)/Sysprogs/VisualGDB/CMake/embedded/root.cmake",
			"CMakeLists.txt"
		],
		"nodes" : 
		[
			{
				"file" : 1
			},
			{
				"command" : 1,
				"file" : 1,
				"line" : 7,
				"parent" : 0
			},
			{
				"command" : 0,
				"file" : 0,
				"line" : 95,
				"parent" : 1
			},
			{
				"command" : 2,
				"file" : 0,
				"line" : 89,
				"parent" : 1
			}
		]
	},
	"dependencies" : 
	[
		{
			"backtrace" : 3,
			"id" : "MVP_UART_5ChanADC::@6890427a1f51a3e7e1df"
		}
	],
	"id" : "MVP_UART_5ChanADC-bin::@6890427a1f51a3e7e1df",
	"name" : "MVP_UART_5ChanADC-bin",
	"paths" : 
	{
		"build" : ".",
		"source" : "."
	},
	"sourceGroups" : 
	[
		{
			"name" : "",
			"sourceIndexes" : 
			[
				0
			]
		},
		{
			"name" : "CMake Rules",
			"sourceIndexes" : 
			[
				1,
				2
			]
		}
	],
	"sources" : 
	[
		{
			"backtrace" : 2,
			"isGenerated" : true,
			"path" : "build/VisualGDB/Debug/CMakeFiles/MVP_UART_5ChanADC-bin",
			"sourceGroupIndex" : 0
		},
		{
			"backtrace" : 0,
			"isGenerated" : true,
			"path" : "build/VisualGDB/Debug/CMakeFiles/MVP_UART_5ChanADC-bin.rule",
			"sourceGroupIndex" : 1
		},
		{
			"backtrace" : 0,
			"isGenerated" : true,
			"path" : "build/VisualGDB/Debug/MVP_UART_5ChanADC.bin.rule",
			"sourceGroupIndex" : 1
		}
	],
	"type" : "UTILITY"
}
