{
	"inputs" : 
	[
		{
			"path" : "CMakeLists.txt"
		},
		{
			"isGenerated" : true,
			"path" : "build/VisualGDB/Debug/CMakeFiles/3.20.3-dirty/CMakeSystem.cmake"
		},
		{
			"isGenerated" : true,
			"path" : "build/VisualGDB/Debug/toolchain.cmake"
		},
		{
			"isExternal" : true,
			"path" : "C:/Program Files (x86)/Sysprogs/VisualGDB/CMake/embedded/root.cmake"
		},
		{
			"isExternal" : true,
			"path" : "C:/Program Files (x86)/Sysprogs/VisualGDB/CMake/embedded/bsp.cmake"
		},
		{
			"isExternal" : true,
			"path" : "C:/Program Files (x86)/Sysprogs/VisualGDB/CMake/embedded/coverage.cmake"
		},
		{
			"isExternal" : true,
			"path" : "C:/Program Files (x86)/Sysprogs/VisualGDB/CMake/embedded/prefixes.cmake"
		},
		{
			"isExternal" : true,
			"path" : "C:/Program Files (x86)/Sysprogs/VisualGDB/CMake/embedded/testfw.cmake"
		},
		{
			"isExternal" : true,
			"path" : "C:/Program Files (x86)/Sysprogs/VisualGDB/CMake/embedded/efp.cmake"
		},
		{
			"isExternal" : true,
			"path" : "C:/Program Files (x86)/Sysprogs/VisualGDB/CMake/embedded/resources.cmake"
		},
		{
			"isExternal" : true,
			"path" : "C:/Users/Prototype_Robert/AppData/Local/VisualGDB/FindFrameworks.cmake"
		},
		{
			"isCMake" : true,
			"isExternal" : true,
			"path" : "C:/Users/Prototype_Robert/AppData/Local/VisualGDB/CMake/share/cmake-3.20/Modules/CMakeSystemSpecificInitialize.cmake"
		},
		{
			"isGenerated" : true,
			"path" : "build/VisualGDB/Debug/CMakeFiles/3.20.3-dirty/CMakeCCompiler.cmake"
		},
		{
			"isGenerated" : true,
			"path" : "build/VisualGDB/Debug/CMakeFiles/3.20.3-dirty/CMakeCXXCompiler.cmake"
		},
		{
			"isGenerated" : true,
			"path" : "build/VisualGDB/Debug/CMakeFiles/3.20.3-dirty/CMakeASMCompiler.cmake"
		},
		{
			"isCMake" : true,
			"isExternal" : true,
			"path" : "C:/Users/Prototype_Robert/AppData/Local/VisualGDB/CMake/share/cmake-3.20/Modules/CMakeSystemSpecificInformation.cmake"
		},
		{
			"isCMake" : true,
			"isExternal" : true,
			"path" : "C:/Users/Prototype_Robert/AppData/Local/VisualGDB/CMake/share/cmake-3.20/Modules/CMakeGenericSystem.cmake"
		},
		{
			"isCMake" : true,
			"isExternal" : true,
			"path" : "C:/Users/Prototype_Robert/AppData/Local/VisualGDB/CMake/share/cmake-3.20/Modules/CMakeInitializeConfigs.cmake"
		},
		{
			"isCMake" : true,
			"isExternal" : true,
			"path" : "C:/Users/Prototype_Robert/AppData/Local/VisualGDB/CMake/share/cmake-3.20/Modules/Platform/Generic.cmake"
		},
		{
			"isCMake" : true,
			"isExternal" : true,
			"path" : "C:/Users/Prototype_Robert/AppData/Local/VisualGDB/CMake/share/cmake-3.20/Modules/CMakeCInformation.cmake"
		},
		{
			"isCMake" : true,
			"isExternal" : true,
			"path" : "C:/Users/Prototype_Robert/AppData/Local/VisualGDB/CMake/share/cmake-3.20/Modules/CMakeLanguageInformation.cmake"
		},
		{
			"isCMake" : true,
			"isExternal" : true,
			"path" : "C:/Users/Prototype_Robert/AppData/Local/VisualGDB/CMake/share/cmake-3.20/Modules/Compiler/GNU-C.cmake"
		},
		{
			"isCMake" : true,
			"isExternal" : true,
			"path" : "C:/Users/Prototype_Robert/AppData/Local/VisualGDB/CMake/share/cmake-3.20/Modules/Compiler/GNU.cmake"
		},
		{
			"isCMake" : true,
			"isExternal" : true,
			"path" : "C:/Users/Prototype_Robert/AppData/Local/VisualGDB/CMake/share/cmake-3.20/Modules/Compiler/CMakeCommonCompilerMacros.cmake"
		},
		{
			"isCMake" : true,
			"isExternal" : true,
			"path" : "C:/Users/Prototype_Robert/AppData/Local/VisualGDB/CMake/share/cmake-3.20/Modules/Platform/Generic.cmake"
		},
		{
			"isCMake" : true,
			"isExternal" : true,
			"path" : "C:/Users/Prototype_Robert/AppData/Local/VisualGDB/CMake/share/cmake-3.20/Modules/CMakeCommonLanguageInclude.cmake"
		},
		{
			"isCMake" : true,
			"isExternal" : true,
			"path" : "C:/Users/Prototype_Robert/AppData/Local/VisualGDB/CMake/share/cmake-3.20/Modules/CMakeCXXInformation.cmake"
		},
		{
			"isCMake" : true,
			"isExternal" : true,
			"path" : "C:/Users/Prototype_Robert/AppData/Local/VisualGDB/CMake/share/cmake-3.20/Modules/CMakeLanguageInformation.cmake"
		},
		{
			"isCMake" : true,
			"isExternal" : true,
			"path" : "C:/Users/Prototype_Robert/AppData/Local/VisualGDB/CMake/share/cmake-3.20/Modules/Compiler/GNU-CXX.cmake"
		},
		{
			"isCMake" : true,
			"isExternal" : true,
			"path" : "C:/Users/Prototype_Robert/AppData/Local/VisualGDB/CMake/share/cmake-3.20/Modules/Compiler/GNU.cmake"
		},
		{
			"isCMake" : true,
			"isExternal" : true,
			"path" : "C:/Users/Prototype_Robert/AppData/Local/VisualGDB/CMake/share/cmake-3.20/Modules/Platform/Generic.cmake"
		},
		{
			"isCMake" : true,
			"isExternal" : true,
			"path" : "C:/Users/Prototype_Robert/AppData/Local/VisualGDB/CMake/share/cmake-3.20/Modules/CMakeCommonLanguageInclude.cmake"
		},
		{
			"isCMake" : true,
			"isExternal" : true,
			"path" : "C:/Users/Prototype_Robert/AppData/Local/VisualGDB/CMake/share/cmake-3.20/Modules/CMakeASMInformation.cmake"
		},
		{
			"isCMake" : true,
			"isExternal" : true,
			"path" : "C:/Users/Prototype_Robert/AppData/Local/VisualGDB/CMake/share/cmake-3.20/Modules/Compiler/GNU-ASM.cmake"
		},
		{
			"isCMake" : true,
			"isExternal" : true,
			"path" : "C:/Users/Prototype_Robert/AppData/Local/VisualGDB/CMake/share/cmake-3.20/Modules/Compiler/GNU.cmake"
		},
		{
			"isExternal" : true,
			"path" : "C:/Users/Prototype_Robert/AppData/Local/VisualGDB/FindBSP.cmake"
		},
		{
			"isGenerated" : true,
			"path" : "build/VisualGDB/Debug/BSP.cmake"
		}
	],
	"kind" : "cmakeFiles",
	"paths" : 
	{
		"build" : "C:/Users/Prototype_Robert/source/repos/ProtypeJP/MVP_UART_5ChanADC/build/VisualGDB/Debug",
		"source" : "C:/Users/Prototype_Robert/source/repos/ProtypeJP/MVP_UART_5ChanADC"
	},
	"version" : 
	{
		"major" : 1,
		"minor" : 0
	}
}
