{
	"configurations" : 
	[
		{
			"directories" : 
			[
				{
					"build" : ".",
					"minimumCMakeVersion" : 
					{
						"string" : "3.15"
					},
					"projectIndex" : 0,
					"source" : ".",
					"targetIndexes" : 
					[
						0,
						1,
						2
					]
				}
			],
			"name" : "DEBUG",
			"projects" : 
			[
				{
					"directoryIndexes" : 
					[
						0
					],
					"name" : "MVP_UART_5ChanADC",
					"targetIndexes" : 
					[
						0,
						1,
						2
					]
				}
			],
			"targets" : 
			[
				{
					"directoryIndex" : 0,
					"id" : "BSP::@6890427a1f51a3e7e1df",
					"jsonFile" : "target-BSP-DEBUG-7089bbeaca880da18313.json",
					"name" : "BSP",
					"projectIndex" : 0
				},
				{
					"directoryIndex" : 0,
					"id" : "MVP_UART_5ChanADC::@6890427a1f51a3e7e1df",
					"jsonFile" : "target-MVP_UART_5ChanADC-DEBUG-b3109383e98560a0207a.json",
					"name" : "MVP_UART_5ChanADC",
					"projectIndex" : 0
				},
				{
					"directoryIndex" : 0,
					"id" : "MVP_UART_5ChanADC-bin::@6890427a1f51a3e7e1df",
					"jsonFile" : "target-MVP_UART_5ChanADC-bin-DEBUG-3a97166834780377c4e7.json",
					"name" : "MVP_UART_5ChanADC-bin",
					"projectIndex" : 0
				}
			]
		}
	],
	"kind" : "codemodel",
	"paths" : 
	{
		"build" : "C:/Users/Prototype_Robert/source/repos/ProtypeJP/MVP_UART_5ChanADC/build/VisualGDB/Debug",
		"source" : "C:/Users/Prototype_Robert/source/repos/ProtypeJP/MVP_UART_5ChanADC"
	},
	"version" : 
	{
		"major" : 2,
		"minor" : 2
	}
}
